id,X,Y,Z,Q_W,Q_X,Q_Y,Q_Z,product,capacity,inventory
0,0,-0.4,0,0,0,-0.708382,0.70583
1,1.2,1.6,0,1,0,0,0,A,100,55
2,1.2,2.6,0,1,0,0,0,B,100,100
3,1.2,3.6,0,1,0,0,0,C,100,60
4,1.2,4.6,0,1,0,0,0,D,100,50
5,-1.2,4.6,0,0,0,0,1,E,100,100
6,-1.2,3.6,0,0,0,0,1,F,100,80
7,-1.2,2.6,0,0,0,0,1,G,100,70
8,-1.2,1.6,0,0,0,0,1,H,100,100
